hotel,url
horlogers,https://www.tripadvisor.in/Hotel_Review-g1096098-d1159753-Reviews-Hotel_Des_Horlogers-Plan_Les_Ouates_Geneva.html
adagio,https://www.tripadvisor.in/Hotel_Review-g188057-d250826-Reviews-Adagio_Geneve_Mont_Blanc-Geneva.html
autueil,https://www.tripadvisor.in/Hotel_Review-g188057-d228255-Reviews-Hotel_Auteuil_Manotel_Geneva-Geneva.html
movenpick,https://www.tripadvisor.in/Hotel_Review-g1974645-d206255-Reviews-Movenpick_Hotel_Casino_Geneva-Meyrin_Geneva.html
toary,https://www.tripadvisor.in/Hotel_Review-g188057-d205919-Reviews-Hotel_Rotary_Geneva_MGallery_by_Sofitel-Geneva.html
novotel,https://www.tripadvisor.in/Hotel_Review-g188057-d497890-Reviews-Novotel_Geneve_Centre-Geneva.html
jade,https://www.tripadvisor.in/Hotel_Review-g188057-d496711-Reviews-Hotel_Jade_Manotel_Geneva-Geneva.html
ibis,https://www.tripadvisor.in/Hotel_Review-g188057-d206258-Reviews-Ibis_Geneve_Centre_Gare-Geneva.html
edelweiss,https://www.tripadvisor.in/Hotel_Review-g188057-d228211-Reviews-Hotel_Edelweiss_Manotel_Geneva-Geneva.html
Best western,https://www.tripadvisor.in/Hotel_Review-g188057-d205952-Reviews-Best_Western_Hotel_Strasbourg-Geneva.html
Bristol,https://www.tripadvisor.in/Hotel_Review-g188057-d237556-Reviews-Hotel_Bristol-Geneva.html